#all special coded moves pls put #S,,,"-1 if ""no""t attack, -2 for -2d","-1 for """"no""""miss",,,,,,,,,,,,,"""no""te:""""no""""accuracy/effect for user",,bound =/ flinch,,"put -1 for ""nil""",,-999 for sd/explo,,"dodge+atk moves (fly etc) = orange #do ,db moves=red #db, recharge=#rc #recoil"
"move1 =(""""name""""",type,pp,pow,acc ,attack(by stages),defence(by stages),spattack(by stages),spdefence(by stages),speed,evasion,enattack(by stages),endefence(by stages),enspattack(by stages),enspdefence(by stages),enspeed,emevasion,emaccuracy,weather,eneffect,hitpriority,secondacc,repeatedhit,maxhealth(%),crit bonus,"""desc"")"
"move2 =(""""absorb""""",grass,20,20,100,0,0,0,0,0,0,0,0,0,0,0,0,0,"""nil""","""nil""","""no""",-1,"""no""",0,0,"""the user recovers hp equal to 50% of the damage dealt."") #S"
"move3 =(""""acid""""",poison,30,40,100,0,0,0,0,0,0,0,0,0,0,0,0,0,"""nil""","""nil""","""no""",10,"""no""",0,0,"""this move has a 10% chance to lower the target's defense by one stage."")"
"move4 =(""""acid armor""""",poison,40,-1,-1,0,2,0,0,0,0,0,0,0,-1,0,0,0,"""nil""","""nil""","""no""",-1,"""no""",0,0,"""this move raises the user's defense by two stages."")"
"move5 =(""""aerial ace""""",flying,20,60,-1,0,0,0,0,0,0,0,0,0,0,0,0,0,"""nil""","""nil""","""no""",-1,"""no""",0,0,"""this move never misses."") "
"move6 =(""""aeroblast""""",flying,5,100,95,0,0,0,0,0,0,0,0,0,0,0,0,0,"""nil""","""nil""","""no""",-1,"""no""",0,0,"""this move has an increased critical hit ratio."")"
"move7 =(""""agility""""",psychic,30,-1,-1,0,0,0,0,2,0,0,0,0,0,0,0,0,"""nil""","""nil""","""no""",-1,"""no""",0,0,"""this move raises the user's speed by two stages."")"
"move8 =(""""air cutter""""",flying,25,55,95,0,0,0,0,0,0,0,0,0,0,0,0,0,"""nil""","""nil""","""no""",-1,"""no""",0,1,"""this move has an increased critical hit ratio."")"
"move9 =(""""amnesia""""",psychic,20,-1,-1,0,0,0,0,0,0,0,0,0,0,0,0,0,"""nil""","""nil""","""no""",-1,"""no""",0,0,"""this move raises the user's sp. def by two stages."")"
"move10 =(""""ancientpower""""",rock,5,60,100,0,0,0,0,0,0,0,0,0,0,0,0,0,"""nil""","""nil""","""no""",-1,"""no""",0,0,"""this move has a 10% chance to increase the user's attack, defense, sp. atk, sp. def, and speed by one stage each."")"
#dont ask why there are random blanks idk,,,,,0,0,0,0,0,0,0,0,0,0,0,0,0,"""nil""","""nil""","""no""",-1,"""no""",0,0,
"move12 =(""""arm thrust""""",fighting,20,15,100,0,0,0,0,0,0,0,0,0,0,0,0,0,"""nil""","""nil""","""no""",-1,yes,0,0,"""this move hits 2-5 times."")"
"move13 =(""""aromatherapy""""",grass,5,-1,-1,0,0,0,0,0,0,0,0,0,0,0,0,0,"""nil""","""nil""","""no""",-1,"""no""",0,0,"""this move cures every pokemon in the party of their status conditions."") #S"
"move14 =(""""assist""""","""no""rmal",20,-1,-1,0,0,0,0,0,0,0,0,0,0,0,0,0,"""nil""","""nil""","""no""",-1,"""no""",0,0,"""the user will use a random move k""no""wn by any pokémon on its team."") #S"
"move15 =(""""astonish""""",ghost,15,30,100,0,0,0,0,0,0,0,0,0,0,0,0,0,"""nil""",flinch,"""no""",30,"""no""",0,0,"""this move has a 30% chance to make the target flinch."")"
"move16 =(""""attract""""","""no""rmal",15,-1,100,0,0,0,0,0,0,0,0,0,0,0,0,0,"""nil""","""nil""","""no""",-1,"""no""",0,0,"""if the target is the opposite gender to the user, it will become infatuated."") #S"
"move17 =(""""aurora beam""""",ice,20,65,100,0,0,0,0,0,0,0,0,0,0,0,0,0,"""nil""","""nil""","""no""",10,"""no""",0,0,"""this move has a 10% chance to lower the target's attack by one stage."")"
"move18 =(""""barrage""""","""no""rmal",20,15,85,0,0,0,0,0,0,0,0,0,0,0,0,0,"""nil""","""nil""","""no""",-1,yes,0,0,"""this move hits 2-5 times."")"
"move19 =(""""barrier""""",psychic,30,-1,-1,0,0,0,0,0,0,0,0,0,0,0,0,0,"""nil""","""nil""","""no""",-1,"""no""",0,0,"""this move raises the user's defense by two stages."")"
"move20 =(""""baton pass""""","""no""rmal",40,-1,-1,0,0,0,0,0,0,0,0,0,0,0,0,0,"""nil""","""nil""","""no""",-1,"""no""",0,0,"""the user switches out; the pokémon that comes in copies all stat changes and mi""no""r status conditions."") #S"
"move21 =(""""beat up""""",dark,10,10,100,0,0,0,0,0,0,0,0,0,0,0,0,0,"""nil""","""nil""","""no""",-1,"""no""",0,0,"""this move hits once per ""no""n-fainted pokémon, with each hit using the respective pokémon's attack stat for calculation."") #S"
"move22 =(""""belly drum""""","""no""rmal",10,-1,-1,0,0,0,0,10,0,0,0,0,0,0,0,0,"""nil""","""nil""","""no""",-1,"""no""",-50,0,"""the user cuts 50% of their max hp and increases its attack by six stages."")"
"move23 =(""""bide""""","""no""rmal",10,-1,100,0,0,0,0,0,0,0,0,0,0,0,0,0,"""nil""","""nil""","""no""",-1,"""no""",0,0,"""the user charges for two turns, dealing damage equal to double the damage taken on both those turns on the third turn."") #S"
"move24 =(""""bind""""","""no""rmal",20,15,75,0,0,0,0,0,0,0,0,0,0,0,0,0,"""nil""",bound,"""no""",30,"""no""",0,0,"""the target is bound for 2-5 turns."")"
"move25 =(""""bite""""",dark,25,60,100,0,0,0,0,0,0,0,0,0,0,0,0,0,"""nil""",flinch,"""no""",30,"""no""",0,0,"""this move has a 30% chance to make the target flinch."")"
"move26 =(""""blast burn""""",fire,5,150,90,0,0,0,0,0,0,0,0,0,0,0,0,0,"""nil""","""nil""","""no""",-1,"""no""",0,0,"""after using this move, the user has to recharge for a turn."") #rc #S"
"move27 =(""""blaze kick""""",fire,10,85,90,0,0,0,0,0,0,0,0,0,0,0,0,0,"""nil""","""nil""","""no""",30,"""no""",0,0,"""this move has an increased critical hit ratio."")"
"move28 =(""""blizzard""""",ice,5,120,70,0,0,0,0,0,0,0,0,0,0,0,0,0,"""nil""",freeze,"""no""",10,"""no""",0,0,"""this move has a 10% chance to freeze the target"")"
"move29 =(""""block""""","""no""rmal",5,-1,-1,0,0,0,0,0,0,0,0,0,0,0,0,0,"""nil""","""nil""","""no""",-1,"""no""",0,0,"""the target is prevented from escaping."") #S"
"move30 =(""""body slam""""","""no""rmal",15,85,100,0,0,0,0,0,0,0,0,0,0,0,0,0,"""nil""",paralyse,"""no""",30,"""no""",0,0,"""this move has a 30% chance to paralyze the target."")"
"move31 =(""""bone club""""",ground,20,65,85,0,0,0,0,0,0,0,0,0,0,0,0,0,"""nil""",flinch,"""no""",10,"""no""",0,0,"""this move has a 10% chance to make the target flinch."")"
"move32 =(""""bone rush""""",ground,10,25,80,0,0,0,0,0,0,0,0,0,0,0,0,0,"""nil""","""nil""","""no""",-1,yes,0,0,"""this move hits 2-5 times."")"
,,,,,0,0,0,0,0,0,0,0,0,0,0,0,0,"""nil""","""nil""","""no""",-1,"""no""",0,0,
"move34 =(""""bonemerang""""",ground,10,50,90,0,0,0,0,0,0,0,0,0,0,0,0,0,"""nil""","""nil""","""no""",-1,"""no""",0,0,"""this move hits twice."") #S"
"move35 =(""""bounce""""",flying,5,85,85,0,0,0,0,0,0,0,0,0,0,0,0,0,"""nil""","""nil""","""no""",-1,"""no""",0,0,"""the user jumps into the air on the first turn, evading most attacks, then attacks on the second turn. this move has a 30% chance to paralyze target."") #do"
"move36 =(""""brick break""""",fighting,15,75,100,0,0,0,0,0,0,0,0,0,0,0,0,0,"""nil""","""nil""","""no""",-1,"""no""",0,0,"""this move removes the effects of reflect and light screen from the target's side."") #S"
"move37 =(""""bubble""""",water,30,20,100,0,0,0,0,0,0,0,0,0,0,-1,0,0,"""nil""","""nil""","""no""",10,"""no""",0,0,"""this move has a 10% chance to lower the target's speed by one stage."") "
"move38 =(""""bubblebeam""""",water,20,65,100,0,0,0,0,0,0,0,0,0,0,-1,0,0,"""nil""","""nil""","""no""",-1,"""no""",0,0,"""this move has a 10% chance to lower the target's speed by one stage."")"
"move39 =(""""bulk up""""",fighting,20,-1,-1,1,1,0,0,0,0,0,0,0,0,0,0,0,"""nil""","""nil""","""no""",-1,"""no""",0,0,"""this move raises the user's attack and defense by one stage each."")"
"move40 =(""""bullet seed""""",grass,30,10,100,0,0,0,0,0,0,0,0,0,0,0,0,0,"""nil""","""nil""","""no""",-1,yes,0,0,"""this move hits 2-5 times."")"
"move41 =(""""calm mind""""",psychic,20,-1,-1,0,0,1,1,0,0,0,0,0,0,0,0,0,"""nil""","""nil""","""no""",-1,"""no""",0,0,"""this move raises the user's sp. atk and sp. def by one stage each."")"
"move42 =(""""camouflage""""","""no""rmal",20,-1,-1,0,0,0,0,0,0,0,0,0,0,0,0,0,"""nil""","""nil""","""no""",-1,"""no""",0,0,"""this move changes the user's type according to the terrain the battle takes place."") #S"
"move43 =(""""charge""""",electric,20,-1,-1,0,0,0,0,0,0,0,0,0,0,0,0,0,"""nil""","""nil""","""no""",-1,"""no""",0,0,"""this move increases the power of the user's electric-type attacks on the next turn."") #S"
"move44 =(""""charm""""","""no""rmal",20,-1,100,0,0,0,0,0,0,-2,0,0,0,0,0,0,"""nil""","""nil""","""no""",-1,"""no""",0,0,"""this move lowers the target's attack by two stages."")"
"move45 =(""""clamp""""",water,10,35,75,0,0,0,0,0,0,0,0,0,0,0,0,0,"""nil""",bound,"""no""",-1,"""no""",0,0,"""the target is bound for 2-5 turns."")"
"move46 =(""""comet punch""""","""no""rmal",15,18,85,0,0,0,0,0,0,0,0,0,0,0,0,0,"""nil""","""nil""","""no""",-1,yes,0,0,"""this move hits 2-5 times."")"
"move47 =(""""confuse ray""""",ghost,10,-1,100,0,0,0,0,0,0,0,0,0,0,0,0,0,"""nil""",confuse,"""no""",-1,"""no""",0,0,"""this move confuses the target."")"
"move48 =(""""confusion""""",psychic,25,50,100,0,0,0,0,0,0,0,0,0,0,0,0,0,"""nil""",confuse,"""no""",10,"""no""",0,0,"""this move has a 10% chance to confuse the target."")"
"move49 =(""""constrict""""","""no""rmal",35,10,100,0,0,0,0,0,0,0,0,0,0,-2,0,0,"""nil""","""nil""","""no""",10,"""no""",0,0,"""this move has a 10% chance to lower the target's speed by one stage."")"
"move50 =(""""conversion""""","""no""rmal",30,-1,-1,0,0,0,0,0,0,0,0,0,0,0,0,0,"""nil""","""nil""","""no""",-1,"""no""",0,0,"""the user changes its type to the type of one of its four moves."") #S"
"move51 =(""""conversion 2""""","""no""rmal",30,-1,100,0,0,0,0,0,0,0,0,0,0,0,0,0,"""nil""","""nil""","""no""",-1,"""no""",0,0,"""the user changes its type to one that resists the last-used move on it."") #S"
"move52 =(""""cosmic power""""",psychic,20,-1,-1,0,1,0,1,0,0,0,0,0,0,0,0,0,"""nil""","""nil""","""no""",-1,"""no""",0,0,"""this move raises the user's defense and sp. def by one stage each."")"
"move53 =(""""cotton spore""""",grass,40,-1,85,0,0,0,0,0,0,0,0,0,0,-2,0,0,"""nil""","""nil""","""no""",-1,"""no""",0,0,"""this move lowers the target's speed by two stages."")"
"move54 =(""""counter""""",fighting,20,-1,100,0,0,0,0,0,0,0,0,0,0,0,0,0,"""nil""","""nil""","""no""",-1,last,0,0,"""the user moves last, dealing double the damage it takes from a physical move back to the attacker."") #S"
,,,,0,0,0,0,0,0,0,0,0,0,0,0,0,0,"""nil""","""nil""","""no""",-1,"""no""",0,0,
"move56 =(""""covet""""","""no""rmal",40,40,100,0,0,0,0,0,0,0,0,0,0,0,0,0,"""nil""","""nil""","""no""",-1,"""no""",0,0,"""if the target is holding an item and the user is ""no""t, the user will steal the item."") #S"
"move57 =(""""crabhammer""""",water,10,90,85,0,0,0,0,0,0,0,0,0,0,0,0,0,"""nil""","""nil""","""no""",-1,"""no""",0,1,"""this move has an increased critical hit ratio."") "
"move58 =(""""cross chop""""",fighting,5,100,80,0,0,0,0,0,0,0,0,0,0,0,0,0,"""nil""","""nil""","""no""",-1,"""no""",0,1,"""this move has an increased critical hit ratio."")"
"move59 =(""""crunch""""",dark,15,80,100,0,0,0,0,0,0,0,0,0,-1,0,0,0,"""nil""","""nil""","""no""",20,"""no""",0,0,"""this move has a 20% chance to lower the target's sp. def by one stage."")"
"move60 =(""""crush claw""""","""no""rmal",10,75,95,0,0,0,0,0,0,0,-1,0,0,0,0,0,"""nil""","""nil""","""no""",50,"""no""",0,0,"""this move has a 50% chance to lower the target's defense by one stage."")"
"move61 =(""""curse""""",,10,-1,-1,0,0,0,0,0,0,0,0,0,0,0,0,0,"""nil""","""nil""","""no""",-1,"""no""",0,0,"""if the user is a ghost-type, it cuts 50% of its max hp to curse the target. if the user isn't a ghost-type, it lowers its speed and raises its attack and defense by one stage each."") #S"
"move62 =(""""cut""""","""no""rmal",30,50,95,0,0,0,0,0,0,0,0,0,0,0,0,0,"""nil""","""nil""","""no""",-1,"""no""",0,0,"""this move has """"no""""secondary effect."") "
"move63 =(""""defense curl""""","""no""rmal",40,-1,-1,0,0,0,0,0,0,0,0,0,0,0,0,0,"""nil""","""nil""","""no""",-1,"""no""",0,0,"""this move raises the user's defense by one stage and doubles the power of rollout and ice ball."") #S"
"move64 =(""""destiny bond""""",ghost,5,-1,-1,0,0,0,0,0,0,0,0,0,0,0,0,0,"""nil""","""nil""","""no""",-1,"""no""",0,0,"""if the user faints before its next turn after using this move, the attacker also faints."") #S"
"move65 =(""""detect""""",fighting,5,-1,-1,0,0,0,0,0,0,0,0,0,0,0,0,0,"""nil""","""nil""","""no""",-1,"""no""",0,0,"""the user moves first and protects from most attacks. its success rate decreases with subsequent uses."") #S"
"move66 =(""""dig""""",ground,10,60,100,0,0,0,0,0,0,0,0,0,0,0,0,0,"""nil""","""nil""","""no""",-1,"""no""",0,0,"""the user digs into the ground on the first turn, evading most attacks, then attacks on the second turn."") #do"
"move67 =(""""disable""""","""no""rmal",20,-1,55,0,0,0,0,0,0,0,0,0,0,0,0,0,"""nil""","""nil""","""no""",-1,"""no""",0,0,"""the user prevents the target's last-used move from being used for 2-5 turns."")% #S"
"move68 =(""""dive""""",water,10,60,100,0,0,0,0,0,0,0,0,0,0,0,0,0,"""nil""","""nil""","""no""",-1,"""no""",0,0,"""the user dives into the water on the first turn, evading most attacks, then attacks on the second turn."") #S"
"move69 =(""""dizzy punch""""","""no""rmal",10,70,100,0,0,0,0,0,0,0,0,0,0,0,0,0,"""nil""",confuse,"""no""",20,"""no""",0,0,"""this move has a 20% chance to confuse the target."")"
"move70 =(""""doom desire""""",steel,5,120,85,0,0,0,0,0,0,0,0,0,0,0,0,0,"""nil""","""nil""","""no""",-1,"""no""",0,0,"""this move attacks the target two turns after is is used, using damage calculation from the turn it was used. its damage is typeless."") #S"
"move71 =(""""double kick""""",fighting,30,30,100,0,0,0,0,0,0,0,0,0,0,0,0,0,"""nil""","""nil""","""no""",-1,"""no""",0,0,"""this move hits twice."") #S"
"move72 =(""""double team""""","""no""rmal",15,-1,-1,0,0,0,0,0,1,0,0,0,0,0,0,0,"""nil""","""nil""","""no""",-1,"""no""",0,0,"""this move increases the user's evasion by one stage."")"
"move73 =(""""double-edge""""","""no""rmal",15,120,100,0,0,0,0,0,0,0,0,0,0,0,0,0,"""nil""","""nil""","""no""",-1,"""no""",0,0,"""the user takes recoil damage equal to 1/3 of the damage dealt."") #recoil"
,,,,0,0,0,0,0,0,0,0,0,0,0,0,0,0,"""nil""","""nil""","""no""",-1,"""no""",0,0,
"move75 =(""""doubleslap""""","""no""rmal",10,15,85,0,0,0,0,0,0,0,0,0,0,0,0,0,"""nil""","""nil""","""no""",-1,yes,0,0,"""this move hits 2-5 times."")"
"move76 =(""""dragon claw""""",dragon,15,80,100,0,0,0,0,0,0,0,0,0,0,0,0,0,"""nil""","""nil""","""no""",-1,"""no""",0,0,"""this move has """"no""""secondary effect."")"
"move77 =(""""dragon dance""""",dragon,20,-1,-1,1,0,0,0,1,0,0,0,0,0,0,0,0,"""nil""","""nil""","""no""",-1,"""no""",0,0,"""this move increases the user's attack and speed by one stage each."")"
"move78 =(""""dragon rage""""",dragon,10,-1,100,0,0,0,0,0,0,0,0,0,0,0,0,0,"""nil""","""nil""","""no""",-1,"""no""",0,0,"""this move deals exactly 40 damage."") #S"
"move79 =(""""dragonbreath""""",dragon,20,60,100,0,0,0,0,0,0,0,0,0,0,0,0,0,"""nil""",paralyse,"""no""",30,"""no""",0,0,"""this move has a 30% chance to paralyze the target."")"
"move80 =(""""dream eater""""",psychic,15,100,100,0,0,0,0,0,0,0,0,0,0,0,0,0,"""nil""","""nil""","""no""",-1,"""no""",0,0,"""the user recovers hp equal to 50% of the damage dealt. it can only be used on a sleeping target."") #S"
"move81 =(""""drill peck""""",flying,15,80,100,0,0,0,0,0,0,0,0,0,0,0,0,0,"""nil""","""nil""","""no""",-1,"""no""",0,0,"""this move has """"no""""secondary effect."")"
"move82 =(""""dynamicpunch""""",fighting,5,100,50,0,0,0,0,0,0,0,0,0,0,0,0,0,"""nil""",confuse,"""no""",-1,"""no""",0,0,"""this move confuses the target."")"
"move83 =(""""earthquake""""",ground,10,100,100,0,0,0,0,0,0,0,0,0,0,0,0,0,"""nil""","""nil""","""no""",-1,"""no""",0,0,"""this move deals double damage to targets during the first turn of dig."") #S"
"move84 =(""""egg bomb""""","""no""rmal",10,100,75,0,0,0,0,0,0,0,0,0,0,0,0,0,"""nil""","""nil""","""no""",-1,"""no""",0,0,"""this move has """"no""""secondary effect."") "
"move85 =(""""ember""""",fire,25,40,100,0,0,0,0,0,0,0,0,0,0,0,0,0,"""nil""",burn,"""no""",10,"""no""",0,0,"""this move has a 10% chance to burn the target."")"
"move86 =(""""encore""""","""no""rmal",5,-1,100,0,0,0,0,0,0,0,0,0,0,0,0,0,"""nil""","""nil""","""no""",-1,"""no""",0,0,"""this move forces the target to only be able to use its last-used move for 2-6 turns."") #S"
"move87 =(""""endeavor""""","""no""rmal",5,-1,100,0,0,0,0,0,0,0,0,0,0,0,0,0,"""nil""","""nil""","""no""",-1,"""no""",0,0,"""this move brings the target down to the user's current hp. it fails if the user has greater hp than the opponent."") #S"
"move88 =(""""endure""""","""no""rmal",10,-1,-1,0,0,0,0,0,0,0,0,0,0,0,0,0,"""nil""","""nil""",yes,-1,"""no""",0,0,"""this move typically goes first. the user will survive any attack with at least 1 hp for this turn. its success rate decreases with each subsequent use."") #S"
"move89 =(""""eruption""""",fire,5,150,100,0,0,0,0,0,0,0,0,0,0,0,0,0,"""nil""","""nil""","""no""",-1,"""no""",0,0,"""this move's power decreases the less hp the user has."") #S"
"move90 =(""""explosion""""","""no""rmal",5,250,100,0,0,0,0,0,0,0,0,0,0,0,0,0,"""nil""","""nil""","""no""",-1,"""no""",-999,0,"""this move causes the user to faint. the target's defense is halved during this attack."") #S"
"move91 =(""""extrasensory""""",psychic,30,80,100,0,0,0,0,0,0,0,0,0,0,0,0,0,"""nil""",confuse,"""no""",10,"""no""",0,0,"""this move has a 10% chance to confuse the target."")"
"move92 =(""""extremespeed""""","""no""rmal",5,80,100,0,0,0,0,0,0,0,0,0,0,0,0,0,"""nil""","""nil""",yes,-1,"""no""",0,0,"""this move typically goes first."")"
"move93 =(""""facade""""","""no""rmal",20,70,101,0,0,0,0,0,0,0,0,0,0,0,0,0,"""nil""","""nil""","""no""",-1,"""no""",0,0,"""this move never misses."")"
,,,,0,0,0,0,0,0,0,0,0,0,0,0,0,0,"""nil""","""nil""","""no""",-1,"""no""",0,0,
"move95 =(""""faint attack""""",dark,25,60,100,0,0,0,0,0,0,0,0,0,0,0,0,0,"""nil""","""nil""","""no""",-1,"""no""",0,0,"""this move never misses."")"
"move96 =(""""fake out""""","""no""rmal",10,40,100,0,0,0,0,0,0,0,0,0,0,0,0,0,"""nil""",flinch,yes,-1,"""no""",0,0,"""this move typically goes first and makes the target flinch. it can only be used on the first turn the user is in battle."")"
"move97 =(""""fake tears""""",dark,20,-1,100,0,0,0,0,0,0,0,0,0,-2,0,0,0,"""nil""","""nil""","""no""",-1,"""no""",0,0,"""this move decreases the target's sp. def by two stages."")"
"move98 =(""""false swipe""""","""no""rmal",40,40,100,0,0,0,0,0,0,0,0,0,0,0,0,0,"""nil""","""nil""","""no""",-1,"""no""",0,0,"""this move always leaves the target at at least 1hp."") #S"
"move99 =(""""featherdance""""",flying,15,-1,100,0,0,0,0,0,0,-2,0,0,0,0,0,0,"""nil""","""nil""","""no""",-1,"""no""",0,0,"""this move decreases the target's attack by two stages."")"
"move100 =(""""fire blast""""",fire,5,120,85,0,0,0,0,0,0,0,0,0,0,0,0,0,"""nil""",burn,"""no""",10,"""no""",0,0,"""this move has a 10% chance to burn the target."")"
"move101 =(""""fire punch""""",fire,15,75,100,0,0,0,0,0,0,0,0,0,0,0,0,0,"""nil""",burn,"""no""",10,"""no""",0,0,"""this move has a 10% chance to burn the target."")"
"move102 =(""""fire spin""""",fire,15,15,70,0,0,0,0,0,0,0,0,0,0,0,0,0,"""nil""",bound,"""no""",-1,"""no""",0,0,"""the target is bound for 2-5 turns."")"
"move103 =(""""fissure""""",ground,5,-1,30,0,0,0,0,0,0,0,0,0,0,0,0,0,"""nil""","""nil""","""no""",-1,"""no""",0,0,"""the target immediately faints. this move fails if the user is at a lower level than the target."") #S"
"move104 =(""""flail""""","""no""rmal",15,-2,100,0,0,0,0,0,0,0,0,0,0,0,0,0,"""nil""","""nil""","""no""",-1,"""no""",0,0,"""this move's power increases the less hp the user has."") #S"
"move105 =(""""flame wheel""""",fire,25,60,100,0,0,0,0,0,0,0,0,0,0,0,0,0,"""nil""",burn,"""no""",10,"""no""",0,0,"""this move has a 10% chance to burn the target."")"
"move106 =(""""flamethrower""""",fire,15,95,100,0,0,0,0,0,0,0,0,0,0,0,0,0,"""nil""",burn,"""no""",10,"""no""",0,0,"""this move has a 10% chance to burn the target."")"
"move107 =(""""flash""""","""no""rmal",20,-1,70,0,0,0,0,0,0,0,0,0,0,0,0,-1,"""nil""","""nil""","""no""",-1,"""no""",0,0,"""this move lowers the target's accuracy by one stage."")"
"move108 =(""""flatter""""",dark,15,-1,100,0,0,0,0,0,0,0,0,1,0,0,0,0,"""nil""",confuse,"""no""",-1,"""no""",0,0,"""this move confuses the target and increases its sp. atk by one stage."")"
"move109 =(""""fly""""",flying,15,70,95,0,0,0,0,0,0,0,0,0,0,0,0,0,"""nil""","""nil""","""no""",-1,"""no""",0,0,"""the user flies into the air on the first turn, evading most attacks, then attacks on the second turn."") #do"
"move110 =(""""focus energy""""","""no""rmal",30,-1,-1,0,0,0,0,0,0,0,0,0,0,0,0,0,"""nil""","""nil""","""no""",-1,"""no""",0,0,"""this move increases the user's critical hit ratio."") #S"
"move111 =(""""focus punch""""",fighting,20,150,100,0,0,0,0,0,0,0,0,0,0,0,0,0,"""nil""","""nil""",last,-1,"""no""",0,0,"""the user tightens its focus at the start of the turn, then attacks at the end of the turn. the move fails if the user is attacked while focusing."") #S"
"move112 =(""""follow me""""","""no""rmal",20,-1,-1,0,0,0,0,0,0,0,0,0,0,0,0,0,"""nil""","""nil""","""no""",-1,"""no""",0,0,"""this move typically goes first. it makes the user the center of attention, making all opponent attacks redirect to it in a double battle."") #db"
"move113 =(""""foresight""""","""no""rmal",40,-1,100,0,0,0,0,0,0,0,0,0,0,0,0,0,"""nil""","""nil""","""no""",-1,"""no""",0,0,"""the target's evasion modifiers and ghost-type immunities are ig""no""red by the user."") #S"
,,,,0,0,0,0,0,0,0,0,0,0,0,0,0,0,"""nil""","""nil""","""no""",-1,"""no""",0,0,
"move115 =(""""frenzy plant""""",grass,5,150,90,0,0,0,0,0,0,0,0,0,0,0,0,0,"""nil""","""nil""","""no""",-1,"""no""",0,0,"""after using this move, the user has to recharge for a turn."") #rc #S"
"move116 =(""""frustration""""","""no""rmal",20,-2,100,0,0,0,0,0,0,0,0,0,0,0,0,0,"""nil""","""nil""","""no""",-1,"""no""",0,0,"""this move's power increases the lower the user's friendship is."") #S"
"move117 =(""""fury attack""""","""no""rmal",20,15,85,0,0,0,0,0,0,0,0,0,0,0,0,0,"""nil""","""nil""","""no""",-1,yes,0,0,"""this move hits 2-5 times."") "
"move118 =(""""fury cutter""""",bug,20,10,95,0,0,0,0,0,0,0,0,0,0,0,0,0,"""nil""","""nil""","""no""",-1,"""no""",0,0,"""this move's power doubles with each subsequent use."") #S"
"move119 =(""""fury swipes""""","""no""rmal",15,18,80,0,0,0,0,0,0,0,0,0,0,0,0,0,"""nil""","""nil""","""no""",-1,yes,0,0,"""this move hits 2-5 times."")"
"move120 =(""""future sight""""",psychic,15,80,90,0,0,0,0,0,0,0,0,0,0,0,0,0,"""nil""","""nil""","""no""",-1,"""no""",0,0,"""this move attacks the target two turns after is is used, using damage calculation from the turn it was used. its damage is typeless."")"
"move121 =(""""giga drain""""",grass,5,60,100,0,0,0,0,0,0,0,0,0,0,0,0,0,"""nil""",paralyse,"""no""",-1,"""no""",0,0,"""the user recovers hp equal to 50% of the damage dealt."") #S"
"move122 =(""""glare""""","""no""rmal",30,-1,75,0,0,0,0,0,0,0,0,0,0,0,0,0,"""nil""",sleep,"""no""",-1,"""no""",0,0,"""this move paralyzes the target."")"
"move123 =(""""grasswhistle""""",grass,15,-1,55,0,0,0,0,0,0,0,0,0,0,0,0,0,"""nil""","""nil""","""no""",-1,"""no""",0,0,"""this move puts the target to sleep."")"
"move124 =(""""growl""""","""no""rmal",40,-1,100,0,0,0,0,0,0,1,0,0,0,0,0,0,"""nil""","""nil""","""no""",-1,"""no""",0,0,"""this move lowers the target's attack by one stage."")"
"move125 =(""""growth""""","""no""rmal",40,-1,-1,0,0,0,0,0,0,0,0,1,0,0,0,0,"""nil""","""nil""","""no""",-1,"""no""",0,0,"""this move raises the user's sp. atk by one stage."")"
"move126 =(""""grudge""""",ghost,5,-1,-1,0,0,0,0,0,0,0,0,0,0,0,0,0,"""nil""","""nil""","""no""",-1,"""no""",0,0,"""if the user faints before its next turn after using this move, the pp of the finishing move is fully depleted."") #S"
"move127 =(""""guillotine""""","""no""rmal",5,-1,30,0,0,0,0,0,0,0,0,0,0,0,0,0,"""nil""","""nil""","""no""",-1,"""no""",0,0,"""the target immediately faints. this move fails if the user is at a lower level than the target."") #S"
"move128 =(""""gust""""",flying,35,40,100,0,0,0,0,0,0,0,0,0,0,0,0,0,"""nil""","""nil""","""no""",-1,"""no""",0,0,"""this move has """"no""""secondary effect."")"
"move129 =(""""hail""""",ice,10,-1,-1,0,0,0,0,0,0,0,0,0,0,0,0,0,hail,"""nil""","""no""",-1,"""no""",0,0,"""the user summons hail, replacing the current weather, for five turns."")"
"move130 =(""""harden""""","""no""rmal",30,-1,-1,0,1,0,0,0,0,0,0,0,0,0,0,0,"""nil""","""nil""","""no""",-1,"""no""",0,0,"""this move raises the user's defense by one stage."")"
"move131 =(""""haze""""",ice,30,-1,-1,0,0,0,0,0,0,0,0,0,0,0,0,0,"""nil""","""nil""","""no""",-1,"""no""",0,0,"""this move removes all stat modifiers from all pokémon."") #S"
"move132 =(""""headbutt""""","""no""rmal",15,70,100,0,0,0,0,0,0,0,0,0,0,0,0,0,"""nil""",flinch,"""no""",30,"""no""",0,0,"""this move has a 30% chance to make the target flinch."")"
"move133 =(""""heal bell""""","""no""rmal",5,-1,-1,0,0,0,0,0,0,0,0,0,0,0,0,0,"""nil""","""nil""","""no""",-1,"""no""",0,0,"""this move cures every pokemon in the party of their status conditions."") #S"
"move134 =(""""heat wave""""",fire,10,100,90,0,0,0,0,0,0,0,0,0,0,0,0,0,"""nil""",burn,"""no""",10,"""no""",0,0,"""this move has a 10% chance to burn the target."")"
"move135 =(""""helping hand""""","""no""rmal",20,-1,-1,0,0,0,0,0,0,0,0,0,0,0,0,0,"""nil""","""nil""","""no""",-1,"""no""",0,0,"""this move typically goes first. it increases the power of an ally's attack by 50 ."") #S"
,,,,,0,0,0,0,0,0,0,0,0,0,0,0,0,"""nil""","""nil""","""no""",-1,"""no""",0,0,
"move137 =(""""hi jump kick""""",fighting,20,85,90,0,0,0,0,0,0,0,0,0,0,0,0,0,"""nil""","""nil""","""no""",-1,"""no""",0,0,"""if this move misses, the user takes damage equal to 50% of how much damage it would've dealt."") #S"
"move138 =(""""hidden power""""","""no""rmal",15,-2,100,0,0,0,0,0,0,0,0,0,0,0,0,0,"""nil""","""nil""","""no""",-1,"""no""",0,0,"""this move's type and power is determined by the user's ivs."") #S"
"move139 =(""""horn attack""""","""no""rmal",25,65,100,0,0,0,0,0,0,0,0,0,0,0,0,0,"""nil""","""nil""","""no""",-1,"""no""",0,0,"""this move has """"no""""secondary effect."")"
"move140 =(""""horn drill""""","""no""rmal",5,-1,30,0,0,0,0,0,0,0,0,0,0,0,0,0,"""nil""","""nil""","""no""",-1,"""no""",0,0,"""the target immediately faints. this move fails if the user is at a lower level than the target."") #S"
"move141 =(""""howl""""","""no""rmal",40,-1,-1,1,0,0,0,0,0,0,0,0,0,0,0,0,"""nil""","""nil""","""no""",-1,"""no""",0,0,"""this move raises the user's attack by one stage."")"
"move142 =(""""hydro can""no""n""""",water,5,150,90,0,0,0,0,0,0,0,0,0,0,0,0,0,"""nil""","""nil""","""no""",-1,"""no""",0,0,"""after using this move, the user has to recharge for a turn."") #rc"
"move143 =(""""hydro pump""""",water,5,120,80,0,0,0,0,0,0,0,0,0,0,0,0,0,"""nil""","""nil""","""no""",-1,"""no""",0,0,"""this move has """"no""""secondary effect."")"
"move144 =(""""hyper beam""""","""no""rmal",5,150,90,0,0,0,0,0,0,0,0,0,0,0,0,0,"""nil""","""nil""","""no""",-1,"""no""",0,0,"""after using this move, the user has to recharge for a turn."") #rc"
"move145 =(""""hyper fang""""","""no""rmal",15,80,90,0,0,0,0,0,0,0,0,0,0,0,0,0,"""nil""",flinch,"""no""",10,"""no""",0,0,"""this move has a 10% chance to make the target flinch."")"
"move146 =(""""hyper voice""""","""no""rmal",10,90,100,0,0,0,0,0,0,0,0,0,0,0,0,0,"""nil""","""nil""","""no""",-1,"""no""",0,0,"""this move has """"no""""secondary effect."")"
"move147 =(""""hyp""no""sis""""",psychic,20,-1,60,0,0,0,0,0,0,0,0,0,0,0,0,0,"""nil""",sleep,"""no""",-1,"""no""",0,0,"""this move puts the target to sleep."")"
"move148 =(""""ice ball""""",ice,20,30,90,0,0,0,0,0,0,0,0,0,0,0,0,0,"""nil""","""nil""","""no""",-1,"""no""",0,0,"""the user will repeatedly use this attack for up to five turns, with its base power doubling after each consecutive use."") #S"
"move149 =(""""ice beam""""",ice,1,95,100,0,0,0,0,0,0,0,0,0,0,0,0,0,"""nil""",freeze,"""no""",10,"""no""",0,0,"""this move has a 10% chance to freeze the target."")"
"move150 =(""""ice punch""""",ice,15,75,100,0,0,0,0,0,0,0,0,0,0,0,0,0,"""nil""",freeze,"""no""",10,"""no""",0,0,"""this move has a 10% chance to freeze the target."")"
"move151 =(""""icicle spear""""",ice,30,10,100,0,0,0,0,0,0,0,0,0,0,0,0,0,"""nil""","""nil""","""no""",-1,yes,0,0,"""this move hits 2-5 times."")"
"move152 =(""""icy wind""""",ice,15,55,95,0,0,0,0,0,0,0,0,0,0,-1,0,0,"""nil""","""nil""","""no""",-1,"""no""",0,0,"""this move lowers the target's speed by one stage."")"
"move153 =(""""imprison""""",psychic,10,-1,-1,0,0,0,0,0,0,0,0,0,0,0,0,0,"""nil""","""nil""","""no""",-1,"""no""",0,0,"""this move disables all moves the target shares with the user."") #S"
"move154 =(""""ingrain""""",grass,20,-1,-1,0,0,0,0,0,0,0,0,0,0,0,0,0,"""nil""","""nil""","""no""",-1,"""no""",6.25,0,"""after use, the user will recover 1/16 of their max hp, but they can""no""t be switched out."") #S"
"move155 =(""""iron defense""""",steel,15,-1,-1,0,2,0,0,0,0,0,0,0,0,0,0,0,"""nil""","""nil""","""no""",-1,"""no""",0,0,"""this move raises the user's defense by two stages."")"
"move156 =(""""iron tail""""",steel,15,100,75,0,0,0,0,0,0,0,-1,0,0,0,0,0,"""nil""","""nil""","""no""",30,"""no""",0,0,"""this move has a 30% chance to lower the target's defense by one stage."")"
,,,,0,0,0,0,0,0,0,0,0,0,0,0,0,0,"""nil""","""nil""","""no""",-1,"""no""",0,0,
"move158 =(""""jump kick""""",fighting,20,70,95,0,0,0,0,0,0,0,0,0,0,0,0,0,"""nil""","""nil""","""no""",-1,"""no""",0,0,"""if this move misses, the user takes damage equal to 50% of how much damage it would've dealt."") #S"
"move159 =(""""karate chop""""",fighting,20,50,100,0,0,0,0,0,0,0,0,0,0,0,0,0,"""nil""","""nil""","""no""",-1,"""no""",0,1,"""this move has an increased critical hit ratio."")"
"move160 =(""""kinesis""""",psychic,15,-1,80,0,0,0,0,0,0,0,0,0,0,0,0,-1,"""nil""","""nil""","""no""",-1,"""no""",0,0,"""this move lowers the target's accuracy by one stage."")"
"move161 =(""""k""no""ck off""""",dark,20,20,100,0,0,0,0,0,0,0,0,0,0,0,0,0,"""nil""","""nil""","""no""",-1,"""no""",0,0,"""this move removes the target's held item for the rest of the battle."")"
"move162 =(""""leaf blade""""",grass,15,70,100,0,0,0,0,0,0,0,0,0,0,0,0,0,"""nil""","""nil""","""no""",-1,"""no""",0,0,"""this move removes the target's held item for the rest of the battle."")"
"move163 =(""""leech life""""",bug,15,20,100,0,0,0,0,0,0,0,0,0,0,0,0,0,"""nil""","""nil""","""no""",-1,"""no""",0,0,"""the user recovers hp equal to 50% of the damage dealt."")"
"move164 =(""""leech seed""""",grass,10,-1,90,0,0,0,0,0,0,0,0,0,0,0,0,0,"""nil""","""nil""","""no""",-1,"""no""",0,0,"""this move seeds the target, draining 1/8 of its max hp each turn."")"
"move165 =(""""leer""""","""no""rmal",30,-1,100,0,0,0,0,0,0,0,-1,0,0,0,0,0,"""nil""","""nil""","""no""",-1,"""no""",0,0,"""this move lowers the target's defense by one stage."")"
"move166 =(""""lick""""",ghost,30,20,100,0,0,0,0,0,0,0,0,0,0,0,0,0,"""nil""",paralyse,"""no""",30,"""no""",0,0,"""this move has a 30% chance to paralyze the target."")"
"move167 =(""""light screen""""",psychic,30,-1,-1,0,0,0,0,0,0,0,0,0,0,0,0,0,"""nil""","""nil""","""no""",-1,"""no""",0,0,"""all special damage taken on the user's side is halved for five 5 turns."") #S"
"move168 =(""""lock-on""""","""no""rmal",5,-1,100,0,0,0,0,0,0,0,0,0,0,0,0,0,"""nil""","""nil""","""no""",-1,"""no""",0,0,"""after use, the user's next attack is guaranteed to hit its target."") #S"
"move169 =(""""lovely kiss""""","""no""rmal",10,-1,75,0,0,0,0,0,0,0,0,0,0,0,0,0,"""nil""",sleep,"""no""",-1,"""no""",0,0,"""this move puts the target to sleep."")"
"move170 =(""""low kick""""",fighting,20,-2,100,0,0,0,0,0,0,0,0,0,0,0,0,0,"""nil""","""nil""","""no""",-1,"""no""",0,0,"""this move's power increases depending on the target's weight."") #S"
"move171 =(""""luster purge""""",psychic,5,70,100,0,0,0,0,0,0,0,0,0,-1,0,0,0,"""nil""","""nil""","""no""",50,"""no""",0,0,"""this move has a 50% chance of lowering the target's sp. def by one stage."")"
"move172 =(""""mach punch""""",fighting,30,40,100,0,0,0,0,0,0,0,0,0,0,0,0,0,"""nil""","""nil""","""no""",-1,"""no""",0,0,"""this move typically goes first."") "
"move173 =(""""magic coat""""",psychic,15,-1,-1,0,0,0,0,0,0,0,0,0,0,0,0,0,"""nil""","""nil""","""no""",-1,"""no""",0,0,"""this move typically goes first. the user will reflect one status move this turn, instead having the move hit the user."") #S"
"move174 =(""""magical leaf""""",grass,20,60,-1,0,0,0,0,0,0,0,0,0,0,0,0,0,"""nil""","""nil""","""no""",-1,"""no""",0,0,"""this move never misses."")"
"move175 =(""""magnitude""""",ground,30,-2,100,0,0,0,0,0,0,0,0,0,0,0,0,0,"""nil""","""nil""","""no""",-1,"""no""",0,0,"""this move's randomly varies between seven levels of power, ranging from 10 to 150."") #S"
"move176 =(""""mean look""""","""no""rmal",5,-1,-1,0,0,0,0,0,0,0,0,0,0,0,0,0,"""nil""","""nil""","""no""",-1,"""no""",0,0,"""the target is trapped and can""no""t escape."") #S"
"move177 =(""""meditate""""",psychic,40,-1,-1,1,0,0,0,0,0,0,0,0,0,0,0,0,"""nil""","""nil""","""no""",-1,"""no""",0,0,"""this move raises the user's attack by one stage."")"
"move178 =(""""mega drain""""",grass,10,40,100,0,0,0,0,0,0,0,0,0,0,0,0,0,"""nil""","""nil""","""no""",-1,"""no""",0,0,"""the user recovers hp equal to 50% of the damage dealt."") #S"
,,,,0,0,0,0,0,0,0,0,0,0,0,0,0,0,"""nil""","""nil""","""no""",-1,"""no""",0,0,
"move180 =(""""mega kick""""","""no""rmal",5,120,75,0,0,0,0,0,0,0,0,0,0,0,0,0,"""nil""","""nil""","""no""",-1,"""no""",0,0,"""this move has """"no""""secondary effect."")"
"move181 =(""""mega punch""""","""no""rmal",20,80,85,0,0,0,0,0,0,0,0,0,0,0,0,0,"""nil""","""nil""","""no""",-1,"""no""",0,0,"""this move has """"no""""secondary effect."")"
"move182 =(""""megahorn""""",bug,10,120,85,0,0,0,0,0,0,0,0,0,0,0,0,0,"""nil""","""nil""","""no""",-1,"""no""",0,0,"""this move has """"no""""secondary effect."")"
"move183 =(""""memento""""",dark,10,-1,100,0,0,0,0,0,0,-2,-2,0,0,0,0,0,"""nil""","""nil""","""no""",-1,"""no""",-999,0,"""this move makes the user faint and lowers the target's attack and sp. atk by two stages each."")"
"move184 =(""""metal claw""""",steel,35,50,95,1,0,0,0,0,0,0,0,0,0,0,0,0,"""nil""","""nil""","""no""",10,"""no""",0,0,"""this move has a 10% chance to raise the user's attack by one stage."")"
"move185 =(""""metal sound""""",steel,40,-1,85,0,0,0,0,0,0,0,0,0,-2,0,0,0,"""nil""","""nil""","""no""",-1,"""no""",0,0,"""this move lowers the target's sp. def by two stages."")"
"move186 =(""""meteor mash""""",steel,10,100,85,2,0,0,0,0,0,0,0,0,0,0,0,0,"""nil""","""nil""","""no""",20,"""no""",0,0,"""this move has a 20% chance to raise the user's attack by one stage."")"
"move187 =(""""metro""no""me""""","""no""rmal",10,-1,-1,0,0,0,0,0,0,0,0,0,0,0,0,0,"""nil""","""nil""","""no""",-1,"""no""",0,0,"""this move activates any move in the game at random."") #S"
"move188 =(""""milk drink""""","""no""rmal",10,-1,-1,0,0,0,0,0,0,0,0,0,0,0,0,0,"""nil""","""nil""","""no""",-1,"""no""",50,0,"""this move restores 50% of the user's max hp."")"
"move189 =(""""mimic""""","""no""rmal",10,-1,-1,0,0,0,0,0,0,0,0,0,0,0,0,0,"""nil""","""nil""","""no""",-1,"""no""",0,0,"""after use, this move will be replaced by the target's last-used move for the rest of the battle."") #S"
"move190 =(""""mind reader""""","""no""rmal",5,-1,100,0,0,0,0,0,0,0,0,0,0,0,0,0,"""nil""","""nil""","""no""",-1,"""no""",0,0,"""after use, the user's next attack is guaranteed to hit its target."") #S"
"move191 =(""""minimize""""","""no""rmal",20,-1,-1,0,0,0,0,0,2,0,0,0,0,0,0,0,"""nil""","""nil""","""no""",-1,"""no""",0,0,"""this move increases the user's evasion by two stages."") "
"move192 =(""""mirror coat""""",psychic,20,-1,100,0,0,0,0,0,0,0,0,0,0,0,0,0,"""nil""","""nil""","""no""",-1,"""no""",0,0,"""the user moves last, dealing double the damage it takes from a physical move back to the attacker."") #S"
"move193 =(""""mirror move""""",flying,20,-1,-1,0,0,0,0,0,0,0,0,0,0,0,0,0,"""nil""","""nil""","""no""",-1,"""no""",0,0,"""the user uses the last-used move of the target."") #S"
"move194 =(""""mist""""",ice,30,-1,-1,0,0,0,0,0,0,0,0,0,0,0,0,0,"""nil""","""nil""","""no""",-1,"""no""",0,0,"""the user's side is immune to negative stat modifiers for five 5 turns."") #S"
"move195 =(""""mist ball""""",psychic,5,70,100,0,0,0,0,0,0,0,0,-1,0,0,0,0,"""nil""","""nil""","""no""",50,"""no""",0,0,"""this move has a 50% chance to lower the target's sp. atk by 1 stage."")"
"move196 =(""""moonlight""""","""no""rmal",5,-1,-1,0,0,0,0,0,0,0,0,0,0,0,0,0,"""nil""","""nil""","""no""",-1,"""no""",50,0,"""this move restores 50% of the user's max hp."")"
"move197 =(""""morning sun""""","""no""rmal",5,-1,-1,0,0,0,0,0,0,0,0,0,0,0,0,0,"""nil""","""nil""","""no""",-1,"""no""",50,0,"""this move restores 50% of the user's max hp."")"
"move198 =(""""mud shot""""",ground,15,55,95,0,0,0,0,0,0,0,0,-1,0,0,0,0,"""nil""","""nil""","""no""",50,"""no""",0,0,"""this move has a 50% chance to lower the target's sp. atk by 1 stage."")"
"move199 =(""""mud sport""""",ground,15,-1,-1,0,0,0,0,0,0,0,0,0,0,0,0,0,"""nil""","""nil""","""no""",-1,"""no""",0,0,"""the user's side takes 50% damage from electric-type moves for five 5 turns."") #S"
"move200 =(""""mud-slap""""",ground,10,20,100,0,0,0,0,0,0,0,0,0,0,0,0,-1,"""nil""","""nil""","""no""",-1,"""no""",0,0,"""this move lowers the target's accuracy by 1 stage."")"
,,,,,0,0,0,0,0,0,0,0,0,0,0,0,0,"""nil""","""nil""","""no""",-1,"""no""",0,0,
"move202 =(""""muddy water""""",water,10,95,85,0,0,0,0,0,0,0,0,0,0,0,0,-1,"""nil""","""nil""","""no""",30,"""no""",0,0,"""this move has a 30% chance to lower the target's accuracy by 1 stage."")"
"move203 =(""""nature power""""","""no""rmal",20,-1,-1,0,0,0,0,0,0,0,0,0,0,0,0,0,"""nil""","""nil""","""no""",-1,"""no""",0,0,"""this move turns into a different move depending on the terrain the battle takes place."") #S"
"move204 =(""""needle arm""""",grass,15,60,100,0,0,0,0,0,0,0,0,0,0,0,0,0,"""nil""",flinch,"""no""",-1,"""no""",30,0,"""this move has a 30% chance to make the target flinch."")"
"move205 =(""""night shade""""",ghost,15,-2,100,0,0,0,0,0,0,0,0,0,0,0,0,0,"""nil""","""nil""","""no""",-1,"""no""",0,0,"""this move deals damage equal to the user's level."") #S"
"move206 =(""""nightmare""""",ghost,15,-1,100,0,0,0,0,0,0,0,0,0,0,0,0,0,"""nil""","""nil""","""no""",-1,"""no""",0,0,"""this move causes a sleeping target to take damage equal to 25% of its max hp at the end of each turn it is asleep."") #S"
"move207 =(""""octazooka""""",water,10,65,85,0,0,0,0,0,0,0,0,0,0,0,0,-1,"""nil""","""nil""","""no""",50,"""no""",0,0,"""this move has a 50% chance to lower the target's accuracy by one stage."")"
"move208 =(""""odor sleuth""""","""no""rmal",40,-1,100,0,0,0,0,0,0,0,0,0,0,0,0,0,"""nil""","""nil""","""no""",-1,"""no""",0,0,"""the target's evasion modifiers and ghost-type immunities are ig""no""red by the user."") #S"
"move209 =(""""outrage""""",dragon,20,90,100,0,0,0,0,0,0,0,0,0,0,0,0,0,"""nil""","""nil""","""no""",-1,"""no""",0,0,"""this move is used 2-3 turns in a row. the user becomes confused after the turn it finishes."") #S"
"move210 =(""""overheat""""",fire,5,140,90,0,0,0,0,0,0,0,0,-2,0,0,0,0,"""nil""","""nil""","""no""",-1,"""no""",0,0,"""after use, the user's sp. atk is lowered by two stages."")"
"move211 =(""""pain split""""","""no""rmal",20,-1,-1,0,0,0,0,0,0,0,0,0,0,0,0,0,"""nil""","""nil""","""no""",-1,"""no""",0,0,"""this move sets the user and target's current hp to their combined average."") #S"
"move212 =(""""pay day""""","""no""rmal",20,40,100,0,0,0,0,0,0,0,0,0,0,0,0,0,"""nil""","""nil""","""no""",-1,"""no""",0,0,"""if this move is used, extra money will be collected after the battle."") #S"
"move213 =(""""peck""""",flying,35,35,100,0,0,0,0,0,0,0,0,0,0,0,0,0,"""nil""","""nil""","""no""",-1,"""no""",0,0,"""this move has """"no""""secondary effect."")"
"move214 =(""""perish song""""","""no""rmal",5,-1,-1,0,0,0,0,0,0,0,0,0,0,0,0,0,"""nil""","""nil""","""no""",-1,"""no""",0,0,"""when this move is used, all pokémon currently in play will be set to instantly faint in 3 turns. this effect is removed when the pokémon is switched out."") #S"
"move215 =(""""petal dance""""",grass,20,70,100,0,0,0,0,0,0,0,0,0,0,0,0,0,"""nil""","""nil""","""no""",-1,"""no""",0,0,"""this move is used 2-3 turns in a row. the user becomes confused after the turn it finishes."") #S"
"move216 =(""""pin missile""""",bug,20,14,85,0,0,0,0,0,0,0,0,0,0,0,0,0,"""nil""","""nil""","""no""",-1,yes,0,0,"""this move hits 2-5 times."")"
"move217 =(""""poison fang""""",poison,15,50,100,0,0,0,0,0,0,0,0,0,0,0,0,0,"""nil""",bpoison,"""no""",30,"""no""",0,0,"""this move has a 30% chance to badly poison the target."")"
"move218 =(""""poison gas""""",poison,40,-1,55,0,0,0,0,0,0,0,0,0,0,0,0,0,"""nil""","""nil""","""no""",-1,"""no""",0,0,"""this move poisons the target."")"
"move219 =(""""poison sting""""",poison,35,15,100,0,0,0,0,0,0,0,0,0,0,0,0,0,"""nil""",poison,"""no""",20,"""no""",0,0,"""this move has a 20% chance to poison the target."")"
"move220 =(""""poison tail""""",poison,25,50,100,0,0,0,0,0,0,0,0,0,0,0,0,0,"""nil""",poison,"""no""",10,"""no""",0,1,"""this move has an increased critical hit ratio and a 10% chance to poison the target."")"
"move221 =(""""poisonpowder""""",poison,35,-1,75,0,0,0,0,0,0,0,0,0,0,0,0,0,"""nil""","""nil""","""no""",-1,"""no""",0,0,"""this move poisons the target."")"
"move222 =(""""pound""""","""no""rmal",35,40,100,0,0,0,0,0,0,0,0,0,0,0,0,0,"""nil""","""nil""","""no""",-1,"""no""",0,0,"""this move has """"no""""secondary effect."")"
"move223 =(""""powder s""no""w""""",ice,25,40,100,0,0,0,0,0,0,0,0,0,0,0,0,0,"""nil""",freeze,"""no""",10,"""no""",0,0,"""this move has a 10% chance of freezing the target."")"
"move224 =(""""present""""","""no""rmal",15,-2,90,0,0,0,0,0,0,0,0,0,0,0,0,0,"""nil""","""nil""","""no""",-1,"""no""",0,0,"""this move deals -2 damage, and has a 20% chance to heal the target for 25% of their max hp."") #S"
"move225 =(""""protect""""","""no""rmal",10,-1,-1,0,0,0,0,0,0,0,0,0,0,0,0,0,"""nil""","""nil""","""no""",-1,"""no""",0,0,"""the user moves first and protects from most attacks. its success rate decreases with subsequent uses."") #S"
"move226 =(""""psybeam""""",psychic,20,65,100,0,0,0,0,0,0,0,0,0,0,0,0,0,"""nil""",confuse,"""no""",10,"""no""",0,0,"""this move has a 10% chance to confuse the target."")"
"move227 =(""""psych up""""","""no""rmal",10,-1,-1,0,0,0,0,0,0,0,0,0,0,0,0,0,"""nil""","""nil""","""no""",-1,"""no""",0,0,"""the user copies all stat modifiers of the target."") #S"
"move228 =(""""psychic""""",psychic,10,90,100,0,0,0,0,0,0,0,0,0,-1,0,0,0,"""nil""","""nil""","""no""",10,"""no""",0,0,"""this move has a 10% chance to lower the target's sp. def by one stage."")"
"move229 =(""""psycho boost""""",psychic,5,140,90,0,0,-2,0,0,0,0,0,0,0,0,0,0,"""nil""","""nil""","""no""",-1,"""no""",0,0,"""after use, the user's sp. atk is lowered by two stages."")"
"move230 =(""""psywave""""",psychic,15,-2,80,0,0,0,0,0,0,0,0,0,0,0,0,0,"""nil""","""nil""","""no""",-1,"""no""",0,0,"""this move deals -2 damage depending on the user's level."") #S"
"move231 =(""""pursuit""""",dark,20,40,100,0,0,0,0,0,0,0,0,0,0,0,0,0,"""nil""","""nil""","""no""",-1,"""no""",0,0,"""this move will be used before a pokémon is switched out, doubling its power."") #S"
"move232 =(""""quick attack""""","""no""rmal",30,40,100,0,0,0,0,0,0,0,0,0,0,0,0,0,"""nil""","""nil""",yes,-1,"""no""",0,0,"""this move typically goes first."")"
"move233 =(""""rage""""","""no""rmal",20,20,100,0,0,0,0,0,0,0,0,0,0,0,0,0,"""nil""","""nil""","""no""",-1,"""no""",0,0,"""after this move is used, the user's attack will increase by one stage for each time it is hit."") #S"
"move234 =(""""rain dance""""",water,5,-1,-1,0,0,0,0,0,0,0,0,0,0,0,0,0,rain,"""nil""","""no""",-1,"""no""",0,0,"""the user summons rain, replacing the current weather, for five turns."")"
"move235 =(""""rapid spin""""","""no""rmal",40,20,100,0,0,0,0,0,0,0,0,0,0,0,0,0,"""nil""","""nil""","""no""",-1,"""no""",0,0,"""after this move is used, the effects of binding, leech seed, and spikes are removed."") #S"
"move236 =(""""razor leaf""""",grass,25,55,95,0,0,0,0,0,0,0,0,0,0,0,0,0,"""nil""","""nil""","""no""",-1,"""no""",0,1,"""this move has an increased critical hit ratio."")"
"move237 =(""""razor wind""""","""no""rmal",10,80,100,0,0,0,0,0,0,0,0,0,0,0,0,0,"""nil""","""nil""","""no""",-1,"""no""",0,0,"""the user charges on the first turn, then attack on the second turn."") #S"
"move238 =(""""recover""""","""no""rmal",10,-1,-1,0,0,0,0,0,0,0,0,0,0,0,0,0,"""nil""","""nil""","""no""",-1,"""no""",50,0,"""this move restores 50% of the user's max hp."")"
"move239 =(""""recycle""""","""no""rmal",10,-1,-1,0,0,0,0,0,0,0,0,0,0,0,0,0,"""nil""","""nil""","""no""",-1,"""no""",0,0,"""if the user has used up a held item, this move recovers it when used."") #S"
"move240 =(""""reflect""""",psychic,20,-1,-1,0,0,0,0,0,0,0,0,0,0,0,0,0,"""nil""","""nil""","""no""",-1,"""no""",0,0,"""all physical damage taken on the user's side is halved for five 5 turns."") #S"
"move241 =(""""refresh""""","""no""rmal",20,-1,-1,0,0,0,0,0,0,0,0,0,0,0,0,0,"""nil""","""nil""","""no""",-1,"""no""",0,0,"""the user cures itself of its poison, burn, or paralysis."") #S"
"move242 =(""""rest""""",psychic,10,-1,-1,0,0,0,0,0,0,0,0,0,0,0,0,0,"""nil""","""nil""","""no""",-1,"""no""",0,0,"""this move puts the user to sleep, replacing any current status condition, but restores all of its hp."") #S"
"move243 =(""""return""""","""no""rmal",20,-2,100,0,0,0,0,0,0,0,0,0,0,0,0,0,"""nil""","""nil""","""no""",-1,"""no""",0,0,"""this move's power increases the greater the user's friendship is."") #S"
"move244 =(""""revenge""""",fighting,10,60,100,0,0,0,0,0,0,0,0,0,0,0,0,0,"""nil""","""nil""",last,-1,"""no""",0,0,"""this move typically goes last. its power is doubled if the user was hit during the turn."") #S"
"move245 =(""""reversal""""",fighting,15,-2,100,0,0,0,0,0,0,0,0,0,0,0,0,0,"""nil""","""nil""","""no""",-1,"""no""",0,0,"""this move's power increases the less hp the user has."") #S"
"move246 =(""""roar""""","""no""rmal",20,-1,100,0,0,0,0,0,0,0,0,0,0,0,0,0,"""nil""","""nil""","""no""",-1,"""no""",0,0,"""this move typically goes last. the target is forced to switch out. this ends a wild battle."") #S"
"move247 =(""""rock blast""""",rock,10,25,80,0,0,0,0,0,0,0,0,0,0,0,0,0,"""nil""","""nil""","""no""",-1,yes,0,0,"""this move hits 2-5 times."")"
"move248 =(""""rock slide""""",rock,10,70,90,0,0,0,0,0,0,0,0,0,0,0,0,0,"""nil""",flinch,"""no""",30,"""no""",0,0,"""this move has a 30% chance to make the target flinch."")"
"move249 =(""""rock smash""""",fighting,15,20,100,0,0,0,0,0,0,0,-1,0,0,0,0,0,"""nil""","""nil""","""no""",50,"""no""",0,0,"""this move has a 50% chance to lower the target's defense by one stage."")"
"move250 =(""""rock throw""""",rock,15,50,90,0,0,0,0,0,0,0,0,0,0,0,0,0,"""nil""","""nil""","""no""",-1,"""no""",0,0,"""this move has """"no""""secondary effect."")"
"move251 =(""""rock tomb""""",rock,10,50,80,0,0,0,0,0,0,0,0,0,0,-1,0,0,"""nil""","""nil""","""no""",-1,"""no""",0,0,"""this move lowers the target's speed by one stage."")"
"move252 =(""""role play""""",psychic,10,-1,100,0,0,0,0,0,0,0,0,0,0,0,0,0,"""nil""","""nil""","""no""",-1,"""no""",0,0,"""the user copies the target's ability, replacing its current ability."") #S"
"move253 =(""""rolling kick""""",fighting,15,60,85,0,0,0,0,0,0,0,0,0,0,0,0,0,"""nil""",flinch,"""no""",30,"""no""",0,0,"""this move has a 30% chance to make the target flinch."") "
"move254 =(""""rollout""""",rock,20,30,90,0,0,0,0,0,0,0,0,0,0,0,0,0,"""nil""","""nil""","""no""",-1,"""no""",0,0,"""the user will repeatedly use this attack for up to five turns, with its base power doubling after each consecutive use."") #S"
"move255 =(""""sacred fire""""",fire,5,100,95,0,0,0,0,0,0,0,0,0,0,0,0,0,"""nil""",burn,"""no""",50,"""no""",0,0,"""this move has a 50% chance of burning the target."")"
"move256 =(""""safeguard""""","""no""rmal",25,-1,-1,0,0,0,0,0,0,0,0,0,0,0,0,0,"""nil""","""nil""","""no""",-1,"""no""",0,0,"""the user's side is immune to status conditions for five turns."") #S"
"move257 =(""""sand tomb""""",ground,15,15,70,0,0,0,0,0,0,0,0,0,0,0,0,0,"""nil""",bound,"""no""",-1,"""no""",0,0,"""the target is bound for 2-5 turns."")"
"move258 =(""""sand-attack""""",ground,15,-1,100,0,0,0,0,0,0,0,0,0,0,0,0,-1,"""nil""","""nil""","""no""",-1,"""no""",0,0,"""this move lowers the target's accuracy by one stage."")"
"move259 =(""""sandstorm""""",rock,10,-1,-1,0,0,0,0,0,0,0,0,0,0,0,0,0,sandstorm,"""nil""","""no""",-1,"""no""",0,0,"""the user summons a sandstorm, replacing the current weather, for five turns."")"
"move260 =(""""scary face""""","""no""rmal",10,-1,90,0,0,0,0,0,0,0,0,0,0,-2,0,0,"""nil""","""nil""","""no""",-1,"""no""",0,0,"""this move lowers the target's speed by two stages."")"
"move261 =(""""scratch""""","""no""rmal",35,40,100,0,0,0,0,0,0,0,0,0,0,0,0,0,"""nil""","""nil""","""no""",-1,"""no""",0,0,"""this move has """"no""""secondary effect."")"
"move262 =(""""screech""""","""no""rmal",10,-1,85,0,0,0,0,0,0,0,0,0,-2,0,0,0,"""nil""","""nil""","""no""",-1,"""no""",0,0,"""this move lowers the target's defense by two stages."")"
"move263 =(""""secret power""""","""no""rmal",20,70,100,0,0,0,0,0,0,0,0,0,0,0,0,0,"""nil""","""nil""","""no""",-1,"""no""",0,0,"""this move's secondary effect depends on the battle location."") #S"
"move264 =(""""seismic toss""""",fighting,20,-2,100,0,0,0,0,0,0,0,0,0,0,0,0,0,"""nil""","""nil""","""no""",-1,"""no""",0,0,"""this move deals damage equal to the user's level."") #S"
"move265 =(""""selfdestruct""""","""no""rmal",5,200,100,0,0,0,0,0,0,0,0,0,0,0,0,0,"""nil""","""nil""","""no""",-1,"""no""",0,0,"""this move causes the user to faint. the target's defense is halved during this attack."") #S"
"move266 =(""""shadow ball""""",ghost,15,80,100,0,0,0,0,0,0,0,0,0,-1,0,0,0,"""nil""","""nil""","""no""",20,"""no""",0,0,"""this move has a 20% chance to lower the target's sp. def by one stage."")"
"move267 =(""""shadow punch""""",ghost,20,60,-1,0,0,0,0,0,0,0,0,0,0,0,0,0,"""nil""","""nil""","""no""",-1,"""no""",0,0,"""this move never misses."")"
"move268 =(""""sharpen""""","""no""rmal",30,-1,-1,1,0,0,0,0,0,0,0,0,0,0,0,0,"""nil""","""nil""","""no""",-1,"""no""",0,0,"""this move increases the user's attack by one stage."")"
"move269 =(""""sheer cold""""",ice,5,-1,30,0,0,0,0,0,0,0,0,0,0,0,0,0,"""nil""","""nil""","""no""",-1,"""no""",-999,0,"""the target immediately faints. this move fails if the user is at a lower level than the target."") #S"
"move270 =(""""shock wave""""",electric,20,60,-1,0,0,0,0,0,0,0,0,0,0,0,0,0,"""nil""","""nil""","""no""",-1,"""no""",0,0,"""this move never misses."")"
"move271 =(""""signal beam""""",bug,15,75,100,0,0,0,0,0,0,0,0,0,0,0,0,0,"""nil""",confuse,"""no""",10,"""no""",0,0,"""this move has a 10% chance to confuse the target."")"
"move272 =(""""silver wind""""",bug,5,60,100,1,1,1,1,1,0,0,0,0,0,0,0,0,"""nil""","""nil""","""no""",10,"""no""",0,0,"""this move has a 10% chance to increase the user's attack, defense, sp. atk, sp. def, and speed by one stage each."")"
"move273 =(""""sing""""","""no""rmal",15,-1,55,0,0,0,0,0,0,0,0,0,0,0,0,0,"""nil""",sleep,"""no""",-1,"""no""",0,0,"""this move puts the target to sleep."")"
"move274 =(""""sketch""""","""no""rmal",1,-1,100,0,0,0,0,0,0,0,0,0,0,0,0,0,"""nil""","""nil""","""no""",-1,"""no""",0,0,"""after use, this move will be permanently replaced by the target's last-used move."")"
"move275 =(""""skill swap""""",psychic,10,-1,100,0,0,0,0,0,0,0,0,0,0,0,0,0,"""nil""","""nil""","""no""",-1,"""no""",0,0,"""the user and target receive each other's abilities."")"
"move276 =(""""skull bash""""","""no""rmal",15,100,100,0,0,0,0,0,0,0,0,0,0,0,0,0,"""nil""","""nil""","""no""",-1,"""no""",0,0,"""the user charges on the first turn and raises its defense by one stage, then attacks on the second turn."") #S"
"move277 =(""""sky attack""""",flying,5,140,90,0,0,0,0,0,0,0,0,0,0,0,0,0,"""nil""",flinch,"""no""",30,"""no""",0,1,"""the user charges on the first turn and attacks on the second turn. it has an increased critical hit ratio and a 30% chance to make the target flinch."") #S"
"move278 =(""""sky uppercut""""",fighting,15,85,90,0,0,0,0,0,0,0,0,0,0,0,0,0,"""nil""","""nil""","""no""",-1,"""no""",0,0,"""this move has """"no""""secondary effect."")"
"move279 =(""""slack off""""","""no""rmal",10,-1,-1,0,0,0,0,0,0,0,0,0,0,0,0,0,"""nil""","""nil""","""no""",-1,"""no""",50,0,"""this move restores 50% of the user's max hp."")"
"move280 =(""""slam""""","""no""rmal",20,80,75,0,0,0,0,0,0,0,0,0,0,0,0,0,"""nil""",sleep,"""no""",-1,"""no""",0,0,"""this move has """"no""""secondary effect."")"
"move281 =(""""slash""""","""no""rmal",20,70,100,0,0,0,0,0,0,0,0,0,0,0,0,0,"""nil""","""nil""","""no""",-1,"""no""",0,1,"""this move has an increased critical hit ratio."")"
"move282 =(""""sleep powder""""",grass,15,-1,75,0,0,0,0,0,0,0,0,0,0,0,0,0,"""nil""",sleep,"""no""",-1,"""no""",0,0,"""this move puts the target to sleep."")"
"move283 =(""""sleep talk""""","""no""rmal",10,-1,-1,0,0,0,0,0,0,0,0,0,0,0,0,0,"""nil""","""nil""","""no""",-1,"""no""",0,0,"""this move only works if the user is asleep. it has the user use one of its other moves at random."") #S"
"move284 =(""""sludge""""",poison,20,65,100,0,0,0,0,0,0,0,0,0,0,0,0,0,"""nil""",poison,"""no""",30,"""no""",0,0,"""this move has a 30% chance to poison the target."")"
"move285 =(""""sludge bomb""""",poison,10,90,100,0,0,0,0,0,0,0,0,0,0,0,0,0,"""nil""",poison,"""no""",30,"""no""",0,0,"""this move has a 30% chance to poison the target."")"
"move286 =(""""smellingsalt""""","""no""rmal",10,60,100,0,0,0,0,0,0,0,0,0,0,0,0,0,"""nil""","""nil""","""no""",-1,"""no""",0,0,"""this move's power is doubled against a paralyzed target, curing its paralysis in the process."") #S"
"move287 =(""""smog""""",poison,20,20,70,0,0,0,0,0,0,0,0,0,0,0,0,0,"""nil""",poison,"""no""",40,"""no""",0,0,"""this move has a 40% chance to poison the target."")"
"move288 =(""""smokescreen""""","""no""rmal",20,-1,100,0,0,0,0,0,0,0,0,0,0,0,0,-1,"""nil""","""nil""","""no""",-1,"""no""",0,0,"""this move lowers the target's accuracy by one stage."")"
"move289 =(""""snatch""""",dark,10,-1,-1,0,0,0,0,0,0,0,0,0,0,0,0,0,"""nil""","""nil""",yes,-1,"""no""",0,0,"""this move typically goes first. if a""no""ther pokémon uses a status move that turn, the user will use it instead."") #S"
"move290 =(""""s""no""re""""","""no""rmal",15,40,100,0,0,0,0,0,0,0,0,0,0,0,0,0,"""nil""",flinch,"""no""",30,"""no""",0,0,"""this move only works if the user is asleep. it has a 30% chance to make the user flinch."") #S"
"move291 =(""""softboiled""""","""no""rmal",10,-1,-1,0,0,0,0,0,0,0,0,0,0,0,0,0,"""nil""","""nil""","""no""",-1,"""no""",50,0,"""this move restores 50% of the user's max hp."")"
"move292 =(""""solarbeam""""",grass,10,120,100,0,0,0,0,0,0,0,0,0,0,0,0,0,"""nil""","""nil""","""no""",-1,"""no""",0,0,"""the user charges on the first turn, then attack on the second turn. the charging turn is skipped under harsh sunlight."") #S"
"move293 =(""""sonicboom""""","""no""rmal",20,-1,90,0,0,0,0,0,0,0,0,0,0,0,0,0,"""nil""","""nil""","""no""",-1,"""no""",0,0,"""this move deals exactly 20 damage."") #S"
"move294 =(""""spark""""",electric,20,65,100,0,0,0,0,0,0,0,0,0,0,0,0,0,"""nil""",paralyse,"""no""",30,"""no""",0,0,"""this move has a 30% chance to paralyze the target."")"
"move295 =(""""spider web""""",bug,10,-1,-1,0,0,0,0,0,0,0,0,0,0,0,0,0,"""nil""","""nil""","""no""",-1,"""no""",0,0,"""the target is prevented from escaping."") #S"
"move296 =(""""spike can""no""n""""","""no""rmal",15,20,100,0,0,0,0,0,0,0,0,0,0,0,0,0,"""nil""","""nil""",yes,-1,"""no""",0,0,"""this move hits 2-5 times."")"
"move297 =(""""spikes""""",ground,20,-1,-1,0,0,0,0,0,0,0,0,0,0,0,0,0,"""nil""","""nil""","""no""",-1,"""no""",0,0,"""this move covers the opponent's side with spikes that damage any pokémon without a ground-type immunity on entry. up to three layers of spikes can be set for extra damage."") #S"
"move298 =(""""spit up""""","""no""rmal",10,-2,100,0,0,0,0,0,0,0,0,0,0,0,0,0,"""nil""","""nil""","""no""",-1,"""no""",0,0,"""this move's power is determined by the user's stockpile count. it resets the stockpile count to 0 after use."") #S"
"move299 =(""""spite""""",ghost,10,-1,100,0,0,0,0,0,0,0,0,0,0,0,0,0,"""nil""","""nil""","""no""",-1,"""no""",0,0,"""this move reduces the pp of the target's last-used move by 2-5."") #S"
"move300 =(""""splash""""","""no""rmal",40,-1,-1,0,0,0,0,0,0,0,0,0,0,0,0,0,"""nil""","""nil""","""no""",-1,"""no""",0,0,"""this move does ""no""thing."")"
"move301 =(""""spore""""",grass,15,-1,100,0,0,0,0,0,0,0,0,0,0,0,0,0,"""nil""",sleep,"""no""",-1,"""no""",0,0,"""this move puts the target to sleep."")"
"move302 =(""""steel wing""""",steel,25,70,95,0,1,0,0,0,0,0,0,0,0,0,0,0,"""nil""","""nil""","""no""",10,"""no""",0,0,"""this move has a 10% chance to raise the user's defense by one stage."")"
"move303 =(""""stockpile""""","""no""rmal",10,-1,-1,0,0,0,0,0,0,0,0,0,0,0,0,0,"""nil""","""nil""","""no""",-1,"""no""",0,0,"""the user increases its stockpile count by 1. the user can go up to a stockpile count of 3."") #S"
"move304 =(""""stomp""""","""no""rmal",20,65,100,0,0,0,0,0,0,0,0,0,0,0,0,0,"""nil""",flinch,"""no""",30,"""no""",0,0,"""this move has a 30% chance to make the target flinch."")"
"move305 =(""""strength""""","""no""rmal",15,80,100,0,0,0,0,0,0,0,0,0,0,0,0,0,"""nil""","""nil""","""no""",-1,"""no""",0,0,"""this move has """"no""""secondary effect."")"
"move306 =(""""string shot""""",bug,40,-1,95,0,0,0,0,0,0,0,0,0,0,-2,0,0,"""nil""","""nil""","""no""",-1,"""no""",0,0,"""this move lowers the target's speed by two stages."")"
"move307 =(""""struggle""""","""no""rmal",1,50,100,0,0,0,0,0,0,0,0,0,0,0,0,0,"""nil""","""nil""","""no""",-1,"""no""",0,0,"""the user takes recoil damage equal to 25% of the damage dealt."") #recoil"
"move308 =(""""stun spore""""",grass,30,-1,75,0,0,0,0,0,0,0,0,0,0,0,0,0,"""nil""",paralyse,"""no""",-1,"""no""",0,0,"""this move paralyzes the target."")"
"move309 =(""""submission""""",fighting,20,80,80,0,0,0,0,0,0,0,0,0,0,0,0,0,"""nil""","""nil""","""no""",-1,"""no""",0,0,"""the user takes recoil damage equal to 25% of the damage dealt."") #recoil"
"move310 =(""""substitute""""","""no""rmal",10,-1,-1,0,0,0,0,0,0,0,0,0,0,0,0,0,"""nil""","""nil""","""no""",-1,"""no""",-25,0,"""the user cuts 25% of its hp to create a decoy that is immune to most status moves and takes damage equal to the hp cut from the user."") #S"
"move311 =(""""sunny day""""",fire,5,-1,-1,0,0,0,0,0,0,0,0,0,0,0,0,0,sunlight,"""nil""","""no""",-1,"""no""",0,0,"""the user summons harsh sunlight, replacing the current weather, for five turns."")"
"move312 =(""""super fang""""","""no""rmal",10,-2,90,0,0,0,0,0,0,0,0,0,0,0,0,0,"""nil""","""nil""","""no""",-1,"""no""",0,0,"""this move cuts the target's current hp in half."")"
"move313 =(""""superpower""""",fighting,5,120,100,-1,-1,0,0,0,0,0,0,0,0,0,0,0,"""nil""","""nil""","""no""",-1,"""no""",0,0,"""after use, this move lowers the user's attack and defense by one stage each."")"
"move314 =(""""supersonic""""","""no""rmal",20,-1,55,0,0,0,0,0,0,0,0,0,0,0,0,0,"""nil""",confuse,"""no""",-1,"""no""",0,0,"""this move confuses the target."")"
"move315 =(""""surf""""",water,15,95,100,0,0,0,0,0,0,0,0,0,0,0,0,0,"""nil""","""nil""","""no""",-1,"""no""",0,0,"""this move has """"no""""secondary effect."")"
"move316 =(""""swagger""""","""no""rmal",15,-1,90,0,0,0,0,0,0,2,0,0,0,0,0,0,"""nil""",confuse,"""no""",-1,"""no""",0,0,"""this move raises the target's attack by two stages, then confuses it."")"
"move317 =(""""swallow""""","""no""rmal",10,-1,-1,0,0,0,0,0,0,0,0,0,0,0,0,0,"""nil""","""nil""","""no""",-1,"""no""",0,0,"""the user restores hp based on the stockpile count. it resets the stockpile count to 0 after use."") #S"
"move318 =(""""sweet kiss""""","""no""rmal",10,-1,75,0,0,0,0,0,0,0,0,0,0,0,0,0,"""nil""",confuse,"""no""",-1,"""no""",0,0,"""this move confuses the target."")"
"move319 =(""""sweet scent""""","""no""rmal",20,-1,100,0,0,0,0,0,0,0,0,0,0,0,-2,0,"""nil""","""nil""","""no""",-1,"""no""",0,0,"""this move lowers the target's evasion by two stages."")"
"move320 =(""""swift""""","""no""rmal",20,60,-1,0,0,0,0,0,0,0,0,0,0,0,0,0,"""nil""","""nil""","""no""",-1,"""no""",0,0,"""this attack never misses."")"
"move321 =(""""swords dance""""","""no""rmal",30,-1,-1,2,0,0,0,0,0,0,0,0,0,0,0,0,"""nil""","""nil""","""no""",-1,"""no""",0,0,"""this move raises the user's attack by two stages."")"
"move322 =(""""synthesis""""",grass,5,-1,-1,0,0,0,0,0,0,0,0,0,0,0,0,0,"""nil""","""nil""","""no""",-1,"""no""",50,0,"""this move restores 50% of the user's max hp."")"
"move323 =(""""tackle""""","""no""rmal",35,35,95,0,0,0,0,0,0,0,0,0,0,0,0,0,"""nil""","""nil""","""no""",-1,"""no""",0,0,"""this move has """"no""""secondary effect."")"
"move324 =(""""tail glow""""",bug,20,-1,-1,0,0,2,0,0,0,0,0,0,0,0,0,0,"""nil""","""nil""","""no""",-1,"""no""",0,0,"""this move raises the user's sp. atk by two stages."")"
"move325 =(""""tail whip""""","""no""rmal",30,-1,100,0,0,0,0,0,0,0,-1,0,0,0,0,0,"""nil""","""nil""","""no""",-1,"""no""",0,0,"""this move lowers the target's defense by 1 stage."")"
"move326 =(""""take down""""","""no""rmal",20,90,85,0,0,0,0,0,0,0,0,0,0,0,0,0,"""nil""","""nil""","""no""",-1,"""no""",0,0,"""the user takes recoil damage equal to 25% of the damage dealt."") #recoil"
"move327 =(""""taunt""""",dark,20,-1,100,0,0,0,0,0,0,0,0,0,0,0,0,0,"""nil""","""nil""","""no""",-1,"""no""",0,0,"""this move forces the target to use only attacking moves for two turns."") #S"
"move328 =(""""teeter dance""""","""no""rmal",20,-1,100,0,0,0,0,0,0,0,0,0,0,0,0,0,"""nil""","""nil""","""no""",-1,"""no""",0,0,"""this move confuses every other pokémon in play."") #S"
"move329 =(""""teleport""""",psychic,20,-1,-1,0,0,0,0,0,0,0,0,0,0,0,0,0,"""nil""","""nil""","""no""",-1,"""no""",0,0,"""this move ends a wild battle. it fails in a trainer battle."") #S"
"move330 =(""""thief""""",dark,10,40,100,0,0,0,0,0,0,0,0,0,0,0,0,0,"""nil""","""nil""","""no""",-1,"""no""",0,0,"""if the target is holding an item and the user is ""no""t, the user will steal the item."") #S"
"move331 =(""""thrash""""","""no""rmal",20,90,100,0,0,0,0,0,0,0,0,0,0,0,0,0,"""nil""","""nil""","""no""",-1,"""no""",0,0,"""this move is used 2-3 turns in a row. the user becomes confused after the turn it finishes."") #S"
"move332 =(""""thunder""""",electric,10,120,70,0,0,0,0,0,0,0,0,0,0,0,0,0,"""nil""",paralyse,"""no""",10,"""no""",0,0,"""this move has a 10% chance to paralyze the target."") "
"move333 =(""""thunder wave""""",electric,20,-1,100,0,0,0,0,0,0,0,0,0,0,0,0,0,"""nil""",paralyse,"""no""",-1,"""no""",0,0,"""this move paralyzes the target."")"
"move334 =(""""thunderbolt""""",electric,15,95,100,0,0,0,0,0,0,0,0,0,0,0,0,0,"""nil""",paralyse,"""no""",10,"""no""",0,0,"""this move has a 10% chance to paralyze the target."")"
"move335 =(""""thunderpunch""""",electric,15,75,100,0,0,0,0,0,0,0,0,0,0,0,0,0,"""nil""",paralyse,"""no""",10,"""no""",0,0,"""this move has a 10% chance to paralyze the target."")"
"move336 =(""""thundershock""""",electric,30,40,100,0,0,0,0,0,0,0,0,0,0,0,0,0,"""nil""",paralyse,"""no""",10,"""no""",0,0,"""this move has a 10% chance to paralyze the target."")"
"move337 =(""""tickle""""","""no""rmal",20,-1,100,0,0,0,0,0,0,-1,-1,0,0,0,0,0,"""nil""","""nil""","""no""",-1,"""no""",0,0,"""this move lowers the target's attack and defense by one stage each."")"
"move338 =(""""torment""""",dark,15,-1,100,0,0,0,0,0,0,0,0,0,0,0,0,0,"""nil""","""nil""","""no""",-1,"""no""",0,0,"""this move prevents the target from using the same move twice in a row."") #S"
"move339 =(""""toxic""""",poison,10,-1,85,0,0,0,0,0,0,0,0,0,0,0,0,0,"""nil""",bpoison,"""no""",-1,"""no""",0,0,"""this move badly poisons the target."")"
"move340 =(""""transform""""","""no""rmal",10,-1,-1,0,0,0,0,0,0,0,0,0,0,0,0,0,"""nil""","""nil""","""no""",-1,"""no""",0,0,"""this move transforms the user into the target, copying its stats and moves, each with 5 pp."") #S"
"move341 =(""""tri attack""""","""no""rmal",10,80,100,0,0,0,0,0,0,0,0,0,0,0,0,0,"""nil""","""nil""","""no""",-1,"""no""",0,0,"""this move has a 20% chance to either paralyze, freeze, or burn the target."") #S"
"move342 =(""""trick""""",psychic,10,-1,100,0,0,0,0,0,0,0,0,0,0,0,0,0,"""nil""","""nil""","""no""",-1,"""no""",0,0,"""the user swaps held items with the target."") #S"
"move343 =(""""triple kick""""",fighting,10,10,90,0,0,0,0,0,0,0,0,0,0,0,0,0,"""nil""","""nil""","""no""",-1,"""no""",0,0,"""this move hits up to three times, with each hit having a chance to miss."") #S"
"move344 =(""""twineedle""""",bug,20,25,100,0,0,0,0,0,0,0,0,0,0,0,0,0,"""nil""","""nil""","""no""",-1,"""no""",0,0,"""this move hits twice."") #S"
"move345 =(""""twister""""",dragon,20,40,100,0,0,0,0,0,0,0,0,0,0,0,0,0,"""nil""","""nil""","""no""",-1,"""no""",0,0,"""this move has a 20% chance to make the user flinch."") #S"
"move346 =(""""uproar""""","""no""rmal",10,50,100,0,0,0,0,0,0,0,0,0,0,0,0,0,"""nil""","""nil""","""no""",-1,yes,0,0,"""the user will repeatedly use this attack for 2-5 turns, during which all pokémon can""no""t fall asleep and sleeping pokémon will be woken up."") #S"
"move347 =(""""vicegrip""""","""no""rmal",30,55,100,0,0,0,0,0,0,0,0,0,0,0,0,0,"""nil""","""nil""","""no""",-1,"""no""",0,0,"""this move has """"no""""secondary effect."")"
"move348 =(""""vine whip""""",grass,10,35,100,0,0,0,0,0,0,0,0,0,0,0,0,0,"""nil""","""nil""","""no""",-1,"""no""",0,0,"""this move has """"no""""secondary effect."")"
"move349 =(""""vital throw""""",fighting,10,70,-1,0,0,0,0,0,0,0,0,0,0,0,0,0,"""nil""","""nil""",last,-1,"""no""",0,0,"""this move typically goes last. it never misses."")"
"move350 =(""""volt tackle""""",electric,15,120,100,0,0,0,0,0,0,0,0,0,0,0,0,0,"""nil""","""nil""","""no""",-1,"""no""",0,0,"""the user takes recoil damage equal to 1/3 of the damage dealt."") #recoil"
"move351 =(""""water gun""""",water,25,40,100,0,0,0,0,0,0,0,0,0,0,0,0,0,"""nil""","""nil""","""no""",-1,"""no""",0,0,"""this move has """"no""""secondary effect."")"
"move352 =(""""water pulse""""",water,20,60,100,0,0,0,0,0,0,0,0,0,0,0,0,0,"""nil""","""nil""","""no""",-1,yes,20,0,"""this move has a 20% chance to confuse the target."")"
"move353 =(""""water sport""""",water,15,-1,-1,0,0,0,0,0,0,0,0,0,0,0,0,0,"""nil""","""nil""","""no""",-1,"""no""",0,0,"""the user's side takes 50% damage from fire-type moves for five 5 turns."") #S"
"move354 =(""""water spout""""",water,5,-2,100,0,0,0,0,0,0,0,0,0,0,0,0,0,"""nil""","""nil""","""no""",-1,"""no""",0,0,"""this move's power decreases the less hp the user has."") #S"
"move355 =(""""waterfall""""",water,15,80,100,0,0,0,0,0,0,0,0,0,0,0,0,0,"""nil""","""nil""","""no""",-1,"""no""",0,0,"""this move has """"no""""secondary effect."")"
"move356 =(""""weather ball""""","""no""rmal",10,50,100,0,0,0,0,0,0,0,0,0,0,0,0,0,"""nil""","""nil""","""no""",-1,"""no""",0,0,"""this move's power is doubled in any weather, and its type changes depending on the weather."") #S"
"move357 =(""""whirlpool""""",water,15,15,70,0,0,0,0,0,0,0,0,0,0,0,0,0,"""nil""",bound,"""no""",-1,"""no""",0,0,"""the target is bound for 2-5 turns."")"
"move358 =(""""whirlwind""""","""no""rmal",20,-1,100,0,0,0,0,0,0,0,0,0,0,0,0,0,"""nil""","""nil""",last,-1,"""no""",0,0,"""this move typically goes last. the target is forced to switch out. this ends a wild battle."") #S"
"move359 =(""""will-o-wisp""""",fire,15,-1,75,0,0,0,0,0,0,0,0,0,0,0,0,0,"""nil""",burn,"""no""",-1,"""no""",0,0,"""this move burns the target."")"
"move360 =(""""wing attack""""",flying,35,60,100,0,0,0,0,0,0,0,0,0,0,0,0,0,"""nil""","""nil""","""no""",-1,"""no""",0,0,"""this move has """"no""""secondary effect."")"
"move361 =(""""wish""""","""no""rmal",10,-1,-1,0,0,0,0,0,0,0,0,0,0,0,0,0,"""nil""","""nil""","""no""",-1,"""no""",0,0,"""after the next turn, this move heals the current pokémon for 50% of the user's max hp."") #S"
"move362 =(""""withdraw""""",water,40,-1,-1,0,0,0,0,0,0,0,0,0,0,0,0,0,"""nil""",bound,"""no""",-1,"""no""",0,0,"""the target is bound for 2-5 turns."")"
"move363 =(""""wrap""""","""no""rmal",20,15,85,0,0,0,0,0,0,0,0,0,0,0,0,0,"""nil""",bound,"""no""",-1,"""no""",0,0,"""the target is bound for 2-5 turns."")"
"move364 =(""""yawn""""","""no""rmal",10,-1,-1,0,0,0,0,0,0,0,0,0,0,0,0,0,"""nil""",drowsy,"""no""",-1,"""no""",0,0,"""this move makes the target drowsy. after the next turn, it will fall asleep."")"
"move365 =(""""zap can""no""n""""",electric,5,100,50,0,0,0,0,0,0,0,0,0,0,0,0,0,"""nil""",paralyse,"""no""",-1,"""no""",0,0,"""this move paralyzes the target."")"